,Mean Probability,CI Lower Bound,CI Upper Bound
correct,0.24913053974795113,0.24846854922893805,0.2497925302669642
llama_distractor1,0.25055241601751577,0.24990648292167836,0.25119834911335315
llama_distractor2,0.24972582678143068,0.24910270550953226,0.25034894805332913
llama_distractor3,0.2505912184715271,0.2499411587949465,0.2512412781481077
