,Mean Probability,CI Lower Bound,CI Upper Bound
correct,0.23169154729314453,0.22649733374401346,0.2368857608422756
llama_distractor1,0.26940187205486804,0.26308538879425547,0.2757183553154806
llama_distractor2,0.24835858013641707,0.24308346760676333,0.2536336926660708
llama_distractor3,0.2505479982118312,0.24490764412303276,0.2561883523006297
