,Mean Probability,CI Lower Bound,CI Upper Bound
correct,0.2500239853575218,0.25000536175264354,0.25004260896240005
llama_distractor1,0.24998611731709336,0.24996705292760943,0.25000518170657726
llama_distractor2,0.24999759608893085,0.24997982772620972,0.250015364451652
llama_distractor3,0.249992299271073,0.24997415242927531,0.2500104461128707
