,Mean Probability,CI Lower Bound,CI Upper Bound
correct,0.24995813059578126,0.24994189382823462,0.2499743673633279
original_distractor1,0.2500246376853338,0.2500074253907409,0.2500418499799267
original_distractor2,0.25002651298038964,0.2500089465974828,0.2500440793632965
original_distractor3,0.24999071767540287,0.2499733722814181,0.2500080630693876
