,Mean Probability,CI Lower Bound,CI Upper Bound
correct,0.2440646493570696,0.24292452065158687,0.2452047780625523
original_distractor1,0.2524288414354376,0.2513574245686041,0.2535002583022711
original_distractor2,0.2516388817638945,0.250562005507187,0.252715758020602
original_distractor3,0.2518676282922856,0.25076929098444595,0.25296596560012524
