,Mean Probability,CI Lower Bound,CI Upper Bound
correct,0.25040504563269284,0.25036585761727714,0.2504442336481085
original_distractor1,0.24982165227190767,0.2497821681441376,0.24986113639967775
original_distractor2,0.24990412638448983,0.2498659706405702,0.24994228212840947
original_distractor3,0.24986917667573305,0.24983039442324215,0.24990795892822396
