,Mean Probability,CI Lower Bound,CI Upper Bound
correct,0.25415223822605126,0.25295011367184805,0.2553543627802545
llama_distractor1,0.2487638170252458,0.2477173855174023,0.2498102485330893
llama_distractor2,0.24874137304455257,0.24777524470344897,0.24970750138565617
llama_distractor3,0.2483425721508279,0.2473765438544216,0.24930860044723419
