,Mean Probability,CI Lower Bound,CI Upper Bound
correct,0.24781671356704596,0.24615344489043156,0.24947998224366036
llama_distractor1,0.2499574683874631,0.2484047888764109,0.2515101478985153
llama_distractor2,0.25075382370349886,0.2492333910117712,0.25227425639522655
llama_distractor3,0.2514719938015123,0.24987585849049818,0.2530681291125264
