,Mean Probability,CI Lower Bound,CI Upper Bound
correct,0.2499668633641242,0.24993920403818237,0.249994522690066
original_distractor1,0.2500169377336256,0.24998717816565175,0.25004669730159945
original_distractor2,0.2500000269346529,0.24997115753404164,0.25002889633526415
original_distractor3,0.25001617408484866,0.2499876639402098,0.2500446842294875
