,Mean Probability,CI Lower Bound,CI Upper Bound
correct,0.24994706629599026,0.24979402575566417,0.25010010683631634
original_distractor1,0.25000514721663164,0.24984210542137603,0.25016818901188725
original_distractor2,0.2500802568769712,0.249915988535141,0.2502445252188015
original_distractor3,0.2499675305662967,0.24980610334344708,0.25012895778914634
