,Mean Probability,CI Lower Bound,CI Upper Bound
correct,0.24999663548217974,0.24995832834063564,0.25003494262372383
original_distractor1,0.24997938326079783,0.24993849112312724,0.25002027539846844
original_distractor2,0.24998891134735204,0.24994673352520963,0.25003108916949446
original_distractor3,0.25003507074049053,0.2499907733146033,0.25007936816637777
