,Mean Probability,CI Lower Bound,CI Upper Bound
correct,0.23334081325796155,0.2311926733494708,0.2354889531664523
original_distractor1,0.2555881517423357,0.2528803360186541,0.25829596746601724
original_distractor2,0.25578465827738495,0.252976701163633,0.25859261539113687
original_distractor3,0.255286375627958,0.2525765893535441,0.25799616190237185
