,Mean Probability,CI Lower Bound,CI Upper Bound
correct,0.25011904854818784,0.24996384538104907,0.25027425171532663
llama_distractor1,0.2498611022921489,0.24971481203549623,0.25000739254880155
llama_distractor2,0.2500531466977059,0.2499138960567602,0.2501923973386516
llama_distractor3,0.24996670263169482,0.24981736209710484,0.2501160431662848
