,Mean Probability,CI Lower Bound,CI Upper Bound
correct,0.25239324773833766,0.2503796015963416,0.2544068938803337
llama_distractor1,0.2479466610148156,0.2462069442906087,0.24968637773902252
llama_distractor2,0.250171526163209,0.2483557913122574,0.2519872610141605
llama_distractor3,0.24948856516403975,0.247607249455895,0.2513698808721845
