,Mean Probability,CI Lower Bound,CI Upper Bound
correct,0.24948169444676496,0.24839006837350222,0.25057332052002773
llama_distractor1,0.25060397810894525,0.2495327807048181,0.2516751755130724
llama_distractor2,0.24987124157645146,0.24889255196973156,0.2508499311831714
llama_distractor3,0.2500430859348399,0.24897302176258557,0.2511131501070943
