,Mean Probability,CI Lower Bound,CI Upper Bound
correct,0.25022538285925805,0.2501926432667683,0.2502581224517478
llama_distractor1,0.24992892850074264,0.24989819580582878,0.2499596611956565
llama_distractor2,0.24991217471784252,0.24988380587897238,0.24994054355671266
llama_distractor3,0.24993351558379703,0.2499058210526672,0.24996121011492686
