,Mean Probability,CI Lower Bound,CI Upper Bound
correct,0.2500326165782033,0.2500187948151299,0.2500464383412767
llama_distractor1,0.2499677040558353,0.24995399522794057,0.24998141288373002
llama_distractor2,0.2499902528449357,0.24997829226539495,0.2500022134244765
llama_distractor3,0.25000942797719433,0.24999695857981927,0.2500218973745694
