,Mean Probability,CI Lower Bound,CI Upper Bound
correct,0.25246244687721026,0.2510735875168371,0.2538513062375834
llama_distractor1,0.2500253736669068,0.24866988112997704,0.2513808662038366
llama_distractor2,0.2491892264168754,0.24788959712041267,0.2504888557133381
llama_distractor3,0.24832295285140296,0.24699886905737056,0.24964703664543536
