,Mean Probability,CI Lower Bound,CI Upper Bound
correct,0.24995217613464923,0.249938039726612,0.24996631254268648
original_distractor1,0.250014528096151,0.24999954690431153,0.25002950928799045
original_distractor2,0.2500196555607039,0.25000535302284527,0.2500339580985625
original_distractor3,0.2500136412894554,0.2499995404268951,0.25002774215201573
