,Mean Probability,CI Lower Bound,CI Upper Bound
correct,0.24996586841680735,0.24937451234855806,0.25055722448505663
llama_distractor1,0.25020854317134233,0.24954063687128722,0.2508764494713974
llama_distractor2,0.24999384588296178,0.2493967439416731,0.25059094782425045
llama_distractor3,0.24983174102805217,0.24920883328518387,0.2504546487709205
