,Mean Probability,CI Lower Bound,CI Upper Bound
correct,0.24412609422378403,0.24346455349278762,0.24478763495478045
original_distractor1,0.2521255922724875,0.25151250177087836,0.2527386827740966
original_distractor2,0.25164551454946865,0.25098800858182563,0.2523030205171117
original_distractor3,0.25210279999055163,0.2514602320686859,0.25274536791241736
