,Mean Probability,CI Lower Bound,CI Upper Bound
correct,0.24997795831492478,0.24994880488795615,0.2500071117418934
llama_distractor1,0.25001422253301103,0.24998561389486526,0.25004283117115683
llama_distractor2,0.2500144968912613,0.24998589693413908,0.25004309684838355
llama_distractor3,0.24999332279681588,0.24996317897700415,0.2500234666166276
