,Mean Probability,CI Lower Bound,CI Upper Bound
correct,0.25008092525837233,0.2500112067285834,0.25015064378816126
llama_distractor1,0.24998755444832843,0.24991736656431357,0.2500577423323433
llama_distractor2,0.2499676994907913,0.2499010260347973,0.2500343729467853
llama_distractor3,0.24996381980195034,0.24989542739587173,0.25003221220802896
