,Mean Probability,CI Lower Bound,CI Upper Bound
correct,0.25543478128614183,0.2543096572714278,0.2565599053008559
original_distractor1,0.24811302644493197,0.24699015877405608,0.24923589411580785
original_distractor2,0.24822301988443024,0.2471434221785813,0.2493026175902792
original_distractor3,0.24822917232196107,0.24709156163775622,0.2493667830061659
