,Mean Probability,CI Lower Bound,CI Upper Bound
correct,0.24805633909553645,0.24695083015222122,0.2491618480388517
original_distractor1,0.2503335356480069,0.249309752823212,0.25135731847280185
original_distractor2,0.2507782480735287,0.24974791386707457,0.2518085822799829
original_distractor3,0.25083187649504457,0.24981460726960705,0.25184914572048206
