,Mean Probability,CI Lower Bound,CI Upper Bound
correct,0.25004499426169646,0.24998489841888383,0.2501050901045091
original_distractor1,0.25004014672099545,0.24997469552186066,0.2501055979201302
original_distractor2,0.24997822619635138,0.2499121213090448,0.2500443310836579
original_distractor3,0.2499366350364771,0.2498710126030269,0.25000225746992727
