,Mean Probability,CI Lower Bound,CI Upper Bound
correct,0.24654113799690913,0.24556909010071754,0.24751318589310073
original_distractor1,0.2521386107505797,0.2510736033951964,0.253203618105963
original_distractor2,0.2500713484482371,0.24905910018447408,0.2510835967120001
original_distractor3,0.251248904054971,0.25019310813833423,0.2523046999716078
