,Mean Probability,CI Lower Bound,CI Upper Bound
correct,0.2501003173329561,0.2488075214516375,0.2513931132142747
original_distractor1,0.24919115142713633,0.24776129175579006,0.2506210110984826
original_distractor2,0.2506481155806737,0.2491008122566394,0.252195418904708
original_distractor3,0.2500604157664364,0.2485738461289614,0.25154698540391135
