,Mean Probability,CI Lower Bound,CI Upper Bound
correct,0.25191393441004717,0.25032542402898905,0.2535024447911053
original_distractor1,0.24941914086397604,0.2479785280389447,0.25085975368900737
original_distractor2,0.24927009932464547,0.24779253433643658,0.25074766431285433
original_distractor3,0.2493968267234967,0.2479508219121947,0.2508428315347987
