,Mean Probability,CI Lower Bound,CI Upper Bound
correct,0.2500076516122698,0.24996628495828377,0.2500490182662558
llama_distractor1,0.24997817018299365,0.24993500475464397,0.2500213356113433
llama_distractor2,0.25000419408726177,0.24996417782128416,0.25004421035323937
llama_distractor3,0.25000998326878754,0.2499682365431375,0.2500517299944376
